GENE,CODON,CGC_STATUS,TIER,COSMIC_MUT,NUCLEOTIDE_CHANGE,AA_CHANGE,MUTATION_TYPE
FBXW7,465,Tier 1,TIER_2,COSV55891008,c.1393C>T,p.R465C,Substitution - Missense
FBXW7,465,Tier 1,TIER_2,COSV55891746,c.1394G>A,p.R465H,Substitution - Missense
FBXW7,465,Tier 1,TIER_3,COSV55897262,c.1394G>T,p.R465L,Substitution - Missense
FBXW7,465,Tier 1,TIER_3,COSV55891317,c.1393_1394insA,p.R465Qfs*7,Insertion - Frameshift
FBXW7,465,Tier 1,TIER_3,COSV55893952,c.1393_1394insT,p.R465Lfs*7,Complex - frameshift
FBXW7,465,Tier 1,TIER_3,COSV99654845,c.1393C>G,p.R465G,Substitution - Missense
FBXW7,465,Tier 1,TIER_3,COSV55941157,c.1394G>C,p.R465P,Substitution - Missense
FBXW7,465,Tier 1,TIER_3,COSV55909503,c.1393dup,p.R465Pfs*7,Insertion - Frameshift
FBXW7,465,Tier 1,OTHER_MUTATION,COSV55897912,c.1393C>A,p.R465S,Substitution - Missense
FBXW7,465,Tier 1,OTHER_MUTATION,COSV55898303,c.1395T>C,p.R465=,Substitution - coding silent
FBXW7,465,Tier 1,OTHER_MUTATION,COSV55945657,c.1393_1394delinsTA,p.R465Y,Substitution - Missense
FBXW7,465,Tier 1,OTHER_MUTATION,COSV55933701,c.1393_1395delinsTTC,p.R465F,Substitution - Missense
FBXW7,465,Tier 1,OTHER_MUTATION,COSV99029514,c.1393_1394delinsGT,p.R465V,Substitution - Missense
FBXW7,465,Tier 1,OTHER_MUTATION,COSV,c.1393_1394insTCT,p.R465delinsLC,
