PROTEIN,MUTATION,PEARSON_CORR
A5PKW4,E621K,NOT APPLICABLE
O00267,I194V,NOT APPLICABLE
O00311,I99L,NOT APPLICABLE
O00311,I99T,NOT APPLICABLE
O00311,K416T,NOT APPLICABLE
O00311,Q106R,NOT APPLICABLE
O14641,Y27D,NOT APPLICABLE
O14788,R223A,NOT APPLICABLE
O14796,R31K,NOT APPLICABLE
O14893,R213D,NOT APPLICABLE
O14965,G198A,NOT APPLICABLE
O14965,G198L,NOT APPLICABLE
O14980,F561A,NOT APPLICABLE
O14980,F572A,NOT APPLICABLE
O14980,I521A,NOT APPLICABLE
O14980,L525A,NOT APPLICABLE
O15085,D873N,NOT APPLICABLE
O15085,I876M,NOT APPLICABLE
O15085,R867Q,NOT APPLICABLE
O15085,R868G,NOT APPLICABLE
O15085,R872D,NOT APPLICABLE
O15111,K44A,NOT APPLICABLE
O15111,K44M,NOT APPLICABLE
O15111,S176E,NOT APPLICABLE
O43521-3,G66A,0.99
O43521-3,G66E,0.99
O43541,G471S,NOT APPLICABLE
O43543,V160I,NOT APPLICABLE
O43617,K32Q,NOT APPLICABLE
O43809,Y158A,NOT APPLICABLE
O43809,Y160A,NOT APPLICABLE
O75771,R165Q,NOT APPLICABLE
O95149,K144D,NOT APPLICABLE
O95149,L4A,NOT APPLICABLE
O95149,L8A,NOT APPLICABLE
O95149,N150A,NOT APPLICABLE
O95149,Y147A,NOT APPLICABLE
O95405,A797P,NOT APPLICABLE
P00492,P38S,NOT APPLICABLE
P00533,L858R,NOT APPLICABLE
P01100,K176N,NOT APPLICABLE
P01112,E37G,NOT APPLICABLE
P01112,T35S,NOT APPLICABLE
P01112,Y40C,0.98
P01116,E37G,NOT APPLICABLE
P01116,Y40C,NOT APPLICABLE
P01116-2,K128A,NOT APPLICABLE
P01133,D973Y,NOT APPLICABLE
P01133,H980Y,NOT APPLICABLE
P01133,K998R,NOT APPLICABLE
P01133,K998S,NOT APPLICABLE
P01133,L996V,NOT APPLICABLE
P01133,M991S,NOT APPLICABLE
P01270,H63A,NOT APPLICABLE
P01270,K58L,NOT APPLICABLE
P01270,V62A,NOT APPLICABLE
P01903,F49S,1.0
P01903,G53D,NOT APPLICABLE
P01903,G53H,1.0
P02489,R116C,NOT APPLICABLE
P02538,I462S,1.0
P02671,C184W,0.99
P04049,R89L,NOT APPLICABLE
P04637,F19A,NOT APPLICABLE
P04637,L22A,NOT APPLICABLE
P04637,L25A,NOT APPLICABLE
P07195,R172H,NOT APPLICABLE
P07195,R172P,NOT APPLICABLE
P10276,P375L,0.81
P11362,P252R,0.99
P11802,N41S,NOT APPLICABLE
P11802,R24C,0.66
P11802,R24H,1.0
P11802,S52N,NOT APPLICABLE
P11940,K580A,0.99
P12272,I64L,NOT APPLICABLE
P12272,I67A,NOT APPLICABLE
P13489,Y435A,NOT APPLICABLE
P13489,Y438A,NOT APPLICABLE
P13501,E49A,NOT APPLICABLE
P13646,R355H,1.0
P13747,R129A,NOT APPLICABLE
P13747,T235A,0.71
P15056,I666R,NOT APPLICABLE
P15056,L515G,NOT APPLICABLE
P15056,M517W,NOT APPLICABLE
P15056,R509H,NOT APPLICABLE
P16144,R1225H,NOT APPLICABLE
P16144,R1281A,NOT APPLICABLE
P16220,S142L,1.0
P19429,R145Q,NOT APPLICABLE
P21860,G284R,NOT APPLICABLE
P21912,R177A,NOT APPLICABLE
P23297,F16A,NOT APPLICABLE
P23297,F72L,NOT APPLICABLE
P23297,L12H,NOT APPLICABLE
P25815,F71A,NOT APPLICABLE
P25815,F74G,NOT APPLICABLE
P25815,F74V,NOT APPLICABLE
P25815,I11A,NOT APPLICABLE
P25815,I12A,NOT APPLICABLE
P25815,I75G,NOT APPLICABLE
P26715,K217A,NOT APPLICABLE
P26715,Q212A,NOT APPLICABLE
P26715,Q220A,NOT APPLICABLE
P26715,V213A,NOT APPLICABLE
P30622-2,K252A,NOT APPLICABLE
P35908,L484P,1.0
P38919,D154K,NOT APPLICABLE
P38919,F232R,NOT APPLICABLE
P38919,H223D,NOT APPLICABLE
P38919,R179E,NOT APPLICABLE
P38919,R206E,NOT APPLICABLE
P38919,T178D,NOT APPLICABLE
P38919,Y205A,NOT APPLICABLE
P40337,C162F,NOT APPLICABLE
P40692,C77R,NOT APPLICABLE
P40692,F80V,NOT APPLICABLE
P40692,V213M,NOT APPLICABLE
P42771,M53I,0.52
P42771,R24P,NOT APPLICABLE
P42773,F37I,NOT APPLICABLE
P42773,T69A,NOT APPLICABLE
P46527,Y74A,NOT APPLICABLE
P46527,Y88A,NOT APPLICABLE
P46527,Y89A,NOT APPLICABLE
P46734,T222E,NOT APPLICABLE
P48059,F42A,NOT APPLICABLE
P50616,Y50N,NOT APPLICABLE
P51587,V1532F,NOT APPLICABLE
P51587,V1532I,NOT APPLICABLE
P51809,L136P,1.0
P51809,L157P,1.0
P51809,T129P,1.0
P52294,T433M,NOT APPLICABLE
P52298,D107R,NOT APPLICABLE
P54198,I461D,NOT APPLICABLE
P54198,L464D,NOT APPLICABLE
P54727,L8A,NOT APPLICABLE
P55211,P336S,0.98
P55957,D95A,0.94
P55957,G94A,0.94
P56945,D797R,NOT APPLICABLE
P56945,F794E,NOT APPLICABLE
P56945,F794R,NOT APPLICABLE
P56945,L787E,NOT APPLICABLE
P60891,D183H,NOT APPLICABLE
P60891,N114S,NOT APPLICABLE
P61081,N113A,NOT APPLICABLE
P61224,F64A,NOT APPLICABLE
P61224,Q63E,NOT APPLICABLE
P61326,D66R,NOT APPLICABLE
P61326,D73K,NOT APPLICABLE
P61326,E117R,NOT APPLICABLE
P61326,E20R,NOT APPLICABLE
P61326,E68R,NOT APPLICABLE
P61326,E72A,NOT APPLICABLE
P61326,E72R,NOT APPLICABLE
P61326,K41D,NOT APPLICABLE
P61587,F124Y,NOT APPLICABLE
P61587,L90R,NOT APPLICABLE
P61587,N86R,NOT APPLICABLE
P61587,V87R,NOT APPLICABLE
P61587,Y60A,NOT APPLICABLE
P62195,R258W,NOT APPLICABLE
P62805,R36A,NOT APPLICABLE
P62805,R37A,NOT APPLICABLE
P63000,G12V,NOT APPLICABLE
P63272,L10V,NOT APPLICABLE
P63272,S65N,NOT APPLICABLE
P63279,C93A,NOT APPLICABLE
P63279,H20D,NOT APPLICABLE
P63279,R17E,NOT APPLICABLE
P63279,V25M,NOT APPLICABLE
P68431,S88A,NOT APPLICABLE
P84022,T330A,NOT APPLICABLE
P84077,H80D,NOT APPLICABLE
P84077,I49D,NOT APPLICABLE
P84077,L77D,NOT APPLICABLE
P84243,C111E,NOT APPLICABLE
P84243,E95A,NOT APPLICABLE
P84243,G91L,0.98
P84243,G91V,0.98
P84243,Q94A,NOT APPLICABLE
P84243,S58A,NOT APPLICABLE
Q00534,D110N,NOT APPLICABLE
Q00987,Y489F,NOT APPLICABLE
Q07812,D68R,NOT APPLICABLE
Q07812,M74D,NOT APPLICABLE
Q07812,M74E,NOT APPLICABLE
Q07812,M74R,NOT APPLICABLE
Q07820,L213A,NOT APPLICABLE
Q0P5N6,G66D,NOT APPLICABLE
Q10567,I85D,NOT APPLICABLE
Q10567,V88D,NOT APPLICABLE
Q12918,E200A,NOT APPLICABLE
Q12918,E200R,NOT APPLICABLE
Q12918,Y198A,NOT APPLICABLE
Q12918,Y201A,NOT APPLICABLE
Q13133,E441A,NOT APPLICABLE
Q13133,I442A,NOT APPLICABLE
Q13133,K273A,NOT APPLICABLE
Q13241,D163A,NOT APPLICABLE
Q13241,E164A,NOT APPLICABLE
Q13241,F114A,0.48
Q13241,L162A,0.48
Q13241,N148A,0.48
Q13241,N158A,0.48
Q13241,N160A,0.48
Q13241,Q112A,0.48
Q13241,T146A,0.48
Q13257,R133A,NOT APPLICABLE
Q13257,W167A,NOT APPLICABLE
Q13257,Y199A,NOT APPLICABLE
Q13418,M402A,NOT APPLICABLE
Q13418,Q362H,NOT APPLICABLE
Q13542,L59A,NOT APPLICABLE
Q13542,Y54A,NOT APPLICABLE
Q13794,F32I,0.99
Q13794,K35E,NOT APPLICABLE
Q14203,Q93K,NOT APPLICABLE
Q14203,Q93R,NOT APPLICABLE
Q14457,F123A,NOT APPLICABLE
Q14457,G120E,NOT APPLICABLE
Q14457,L116A,0.63
Q15013,F191A,NOT APPLICABLE
Q15013,Q83A,NOT APPLICABLE
Q15019,H270D,NOT APPLICABLE
Q15672,L159F,NOT APPLICABLE
Q15788,L693A,NOT APPLICABLE
Q15788,L694A,NOT APPLICABLE
Q15836,L46P,1.0
Q15836,L53P,1.0
Q15836,T18P,1.0
Q15836,V25P,1.0
Q15843,A72R,NOT APPLICABLE
Q16531,A400D,NOT APPLICABLE
Q16531,I587D,NOT APPLICABLE
Q16531,R589E,NOT APPLICABLE
Q16531,W561K,NOT APPLICABLE
Q16611,L163V,NOT APPLICABLE
Q16611,Y110E,NOT APPLICABLE
Q16665,P564G,1.0
Q16665,Q320E,NOT APPLICABLE
Q16665,V336E,NOT APPLICABLE
Q16665,Y340T,NOT APPLICABLE
Q495M9,E393D,NOT APPLICABLE
Q53EL6,D253A,NOT APPLICABLE
Q53EL6,D414A,NOT APPLICABLE
Q53EL6,E249A,NOT APPLICABLE
Q71DI3,M91G,NOT APPLICABLE
Q71DI3,R64A,NOT APPLICABLE
Q7Z3B4,R385K,NOT APPLICABLE
Q8IWE4,A265R,NOT APPLICABLE
Q8IWE4,D241A,NOT APPLICABLE
Q8IWE4,D271A,NOT APPLICABLE
Q8IXQ5,A153T,NOT APPLICABLE
Q8IYM1,D197N,0.84
Q8IYM1,G169E,NOT APPLICABLE
Q8N423,Y61A,NOT APPLICABLE
Q8N5H7-2,L469R,NOT APPLICABLE
Q8NI22,D122V,NOT APPLICABLE
Q8NI22,D89A,NOT APPLICABLE
Q8WXD5,S25N,NOT APPLICABLE
Q8WXD5,V57L,NOT APPLICABLE
Q8WXH0,L6876A,NOT APPLICABLE
Q8WXH0,P6883A,NOT APPLICABLE
Q8WXH0,Y6878A,NOT APPLICABLE
Q92692,F145A,NOT APPLICABLE
Q92730,E48A,NOT APPLICABLE
Q92797,K185A,NOT APPLICABLE
Q92900,E182R,NOT APPLICABLE
Q92900,V204D,NOT APPLICABLE
Q92900,V205I,NOT APPLICABLE
Q92900,Y184D,NOT APPLICABLE
Q969J2,G79R,NOT APPLICABLE
Q96AX1,I441K,NOT APPLICABLE
Q96AX1,K429D,NOT APPLICABLE
Q96AX1,Y438D,NOT APPLICABLE
Q96AX1,Y438P,NOT APPLICABLE
Q96B26,D202V,NOT APPLICABLE
Q96CA5,H164R,NOT APPLICABLE
Q96F10,R126C,NOT APPLICABLE
Q96I25,R375A,NOT APPLICABLE
Q96I25,R375D,NOT APPLICABLE
Q96MG7,L97A,NOT APPLICABLE
Q96NA2,R255A,NOT APPLICABLE
Q96QK1,F534D,NOT APPLICABLE
Q96QK1,F541D,NOT APPLICABLE
Q96QK1,H675D,NOT APPLICABLE
Q96QK1,L589D,NOT APPLICABLE
Q96QK1,N725A,NOT APPLICABLE
Q96QK1,Q586A,NOT APPLICABLE
Q96QK1,R582D,NOT APPLICABLE
Q96QK1,R637D,NOT APPLICABLE
Q96QK1,T629D,NOT APPLICABLE
Q96QK1,Y729A,NOT APPLICABLE
Q99558,K430A,0.93
Q99728,L44P,NOT APPLICABLE
Q99728,V695L,NOT APPLICABLE
Q99814,M338E,NOT APPLICABLE
Q99814,Q322E,NOT APPLICABLE
Q99814,Y342T,NOT APPLICABLE
Q9BPZ3,F118A,NOT APPLICABLE
Q9BV36,R35F,NOT APPLICABLE
Q9BV36,R35K,NOT APPLICABLE
Q9BV36,R35V,NOT APPLICABLE
Q9BV36,R35W,NOT APPLICABLE
Q9BV40,L16P,1.0
Q9BV40,L44P,1.0
Q9BV40,L51P,1.0
Q9BV40,V20P,1.0
Q9BZW8,E70A,NOT APPLICABLE
Q9BZW8,K68A,NOT APPLICABLE
Q9H269,R725E,NOT APPLICABLE
Q9H334,W534R,NOT APPLICABLE
Q9H4D5,R409W,1.0
Q9H840,R68C,NOT APPLICABLE
Q9HAU4,C716A,NOT APPLICABLE
Q9HAU5,F1113E,NOT APPLICABLE
Q9HAU5,F1171E,NOT APPLICABLE
Q9HAU5,L1174E,NOT APPLICABLE
Q9HAU5,M1173E,NOT APPLICABLE
Q9HCG8,K172A,NOT APPLICABLE
Q9HCG8,N171A,NOT APPLICABLE
Q9HCG8,N174A,NOT APPLICABLE
Q9NPD8,R60E,NOT APPLICABLE
Q9NQT4,R96Q,NOT APPLICABLE
Q9UBQ0,A141D,NOT APPLICABLE
Q9UBQ0,G94P,NOT APPLICABLE
Q9UBQ0,L142D,NOT APPLICABLE
Q9UBQ0,P92A,NOT APPLICABLE
Q9UBQ0,P92G,NOT APPLICABLE
Q9UBQ0,R104D,NOT APPLICABLE
Q9UBQ0,W93A,NOT APPLICABLE
Q9UBQ0,W93D,NOT APPLICABLE
Q9UBQ0,Y139A,NOT APPLICABLE
Q9UBU7,L306I,NOT APPLICABLE
Q9UBU9,H457A,NOT APPLICABLE
Q9UH99,H628A,NOT APPLICABLE
Q9UH99,S641E,NOT APPLICABLE
Q9UJM3,F352A,NOT APPLICABLE
Q9UJM3,M346A,NOT APPLICABLE
Q9UJM3,Y358A,NOT APPLICABLE
Q9UK55,E404A,NOT APPLICABLE
Q9Y248,D24G,NOT APPLICABLE
Q9Y248,I26T,NOT APPLICABLE
Q9Y248,L150S,NOT APPLICABLE
Q9Y294,D37A,NOT APPLICABLE
Q9Y2M5,C146A,NOT APPLICABLE
Q9Y2M5,I111A,NOT APPLICABLE
Q9Y2M5,L148A,NOT APPLICABLE
Q9Y376,F178E,NOT APPLICABLE
Q9Y376,M260A,NOT APPLICABLE
Q9Y376,M260E,NOT APPLICABLE
Q9Y376,R227A,0.66
Q9Y376,V224E,NOT APPLICABLE
Q9Y3B2,P10L,NOT APPLICABLE
Q9Y4K3,D57K,NOT APPLICABLE
Q9Y4K3,I72D,NOT APPLICABLE
Q9Y4K3,I72F,NOT APPLICABLE
Q9Y4K3,I72K,NOT APPLICABLE
Q9Y4K3,L74E,NOT APPLICABLE
Q9Y4K3,L74H,NOT APPLICABLE
Q9Y4K3,L74K,NOT APPLICABLE
Q9Y4K3,L74R,NOT APPLICABLE
Q9Y570,H349A,NOT APPLICABLE
Q9Y570,S156A,NOT APPLICABLE
Q9Y570,S156T,NOT APPLICABLE
